<?xml version="1.0" encoding="utf-8"?>
<!--/1029534/1645149/2.50/2/3/LED/-->
<quadcept_library>
  <setting unit="mil" />
  <textstyle name="Default" height="47.244094488189" strokewidth="7.8740157480315" charwidth="47.244094488189" />
  <textstyle name="Dimension" height="19.6850393700787" strokewidth="0" charwidth="19.6850393700787" />
  <textstyle name="H127W0635TH00762" height="50" strokewidth="3" charwidth="25" />
  <textstyle name="H15W15TH02" height="59.0551181102362" strokewidth="7.8740157480315" charwidth="59.0551181102362" />
  <padstyle name="r120_95" surface="True" plated="False" isvia="False" nopaste="False" nomask="True" complex="False" holesize="0">
    <padshape layer="TOP" shape="rectangle" width="37.401574803149" height="47.244094488188" />
    <padshape layer="TOP_SOLDER_MASK" shape="rectangle" width="45.275590551181" height="55.11811023622" />
    <padshape layer="TOP_SOLDER_PASTE" shape="rectangle" width="37.401574803149" height="47.244094488188" />
  </padstyle>
  <footprint name="LEDM2214X130N" originx="0" originy="0" pickpointx="0" pickpointy="0">
    <pcbpin number="1" name="1" style="r120_95" originx="-43.307086614173" originy="0" rotation="90" />
    <pcbpin number="2" name="2" style="r120_95" originx="43.307086614173" originy="0" rotation="90" />
    <line layer="TOP_PLACE_BOUND" originx="-76.771653543306" originy="37.401574803149" endx="76.771653543306" endy="37.401574803149" width="1.9685039370079" />
    <line layer="TOP_PLACE_BOUND" originx="76.771653543306" originy="37.401574803149" endx="76.771653543306" endy="-37.401574803149" width="1.9685039370079" />
    <line layer="TOP_PLACE_BOUND" originx="76.771653543306" originy="-37.401574803149" endx="-76.771653543306" endy="-37.401574803149" width="1.9685039370079" />
    <line layer="TOP_PLACE_BOUND" originx="-76.771653543306" originy="-37.401574803149" endx="-76.771653543306" endy="37.401574803149" width="1.9685039370079" />
    <line layer="TOP_ASSEMBLY" originx="-43.307086614173" originy="27.55905511811" endx="43.307086614173" endy="27.55905511811" width="3.9370078740157" />
    <line layer="TOP_ASSEMBLY" originx="43.307086614173" originy="27.55905511811" endx="43.307086614173" endy="-27.55905511811" width="3.9370078740157" />
    <line layer="TOP_ASSEMBLY" originx="43.307086614173" originy="-27.55905511811" endx="-43.307086614173" endy="-27.55905511811" width="3.9370078740157" />
    <line layer="TOP_ASSEMBLY" originx="-43.307086614173" originy="-27.55905511811" endx="-43.307086614173" endy="27.55905511811" width="3.9370078740157" />
    <line layer="TOP_ASSEMBLY" originx="-43.307086614173" originy="8.8582677165353" endx="-24.606299212598" endy="27.55905511811" width="3.9370078740157" />
    <line layer="TOP_SILKSCREEN" originx="43.307086614173" originy="27.55905511811" endx="-62.007874015747" endy="27.55905511811" width="7.8740157480314" />
    <line layer="TOP_SILKSCREEN" originx="-43.307086614173" originy="-27.55905511811" endx="43.307086614173" endy="-27.55905511811" width="7.8740157480314" />
  </footprint>
  <symbol name="AA2214VRBXS_A-TR-AMT" originx="0" originy="0">
    <line originx="200" originy="100" endx="200" endy="-100" width="0" />
    <line originx="250" originy="100" endx="150" endy="200" width="0" />
    <line originx="350" originy="100" endx="250" endy="200" width="0" />
    <line originx="100" originy="0" endx="200" endy="0" width="0" />
    <line originx="400" originy="0" endx="500" endy="0" width="0" />
    <sympin number="1" originx="100" originy="0" rotation="180" length="100" width="7.8740157480315" flipped="False">
      <text name="pinname" originx="10" originy="-10" style="Default" rotation="0" justify="upperleft" flipped="False" hidden="True" data="K" />
      <text name="pindes" originx="60" originy="10" style="Default" rotation="0" justify="lowerright" flipped="False" hidden="False" data="1" />
    </sympin>
    <sympin number="2" originx="500" originy="0" rotation="0" length="100" width="7.8740157480315" flipped="False">
      <text name="pinname" originx="590" originy="-10" style="Default" rotation="0" justify="upperright" flipped="False" hidden="True" data="A" />
      <text name="pindes" originx="540" originy="10" style="Default" rotation="0" justify="lowerleft" flipped="False" hidden="False" data="2" />
    </sympin>
    <polygon type="polygon">
      <point x="200" y="0" />
      <point x="400" y="100" />
      <point x="400" y="-100" />
    </polygon>
    <polygon type="polygon">
      <point x="210" y="170" />
      <point x="180" y="140" />
      <point x="150" y="200" />
    </polygon>
    <polygon type="polygon">
      <point x="310" y="170" />
      <point x="280" y="140" />
      <point x="250" y="200" />
    </polygon>
  </symbol>
  <component name="AA2214VRBXS_A-TR-AMT" designatorprefix="LED" height="51.181102362204" footprint="LEDM2214X130N">
    <comppin designator="1" sympin="1" pinswap="0" gateswap="0" gate="1" group="1" side="" type="Any" name="K" />
    <comppin designator="2" sympin="2" pinswap="0" gateswap="0" gate="1" group="1" side="" type="Any" name="A" />
    <attached_symbol gate="1" name="AA2214VRBXS_A-TR-AMT" />
    <pinmap designator="1" footprintpin="1" />
    <pinmap designator="2" footprintpin="2" />
    <text name="Datasheet" originx="0" originy="0" style="Default" rotation="0" justify="" flipped="False" hidden="True" data="http://www.kingbrightusa.com/images/catalog/SPEC/AA2214VRBXS-A-TR-AMT.pdf" />
    <text name="Description" originx="0" originy="0" style="Default" rotation="0" justify="" flipped="False" hidden="True" data="Standard LEDs - SMD 2214 SMD LED Ice Blue" />
    <text name="Mouser Part Number" originx="0" originy="0" style="Default" rotation="0" justify="" flipped="False" hidden="True" data="604-AA2214VRBXSATRAT" />
    <text name="Mouser Price/Stock" originx="0" originy="0" style="Default" rotation="0" justify="" flipped="False" hidden="True" data="https://www.mouser.co.uk/ProductDetail/Kingbright/AA2214VRBXS-A-TR-AMT?qs=aVyJF2WnouQmcsYfKkdziQ%3D%3D" />
    <text name="Manufacturer_Name" originx="0" originy="0" style="Default" rotation="0" justify="" flipped="False" hidden="True" data="Kingbright" />
    <text name="Manufacturer_Part_Number" originx="500" originy="250" style="Default" rotation="0" justify="lowerleft" flipped="False" hidden="False" data="AA2214VRBXS/A-TR-AMT" />
  </component>
</quadcept_library>
